référence,nom,prix,description,image
ADX,Cauchon Blanc,549 MRU,Cauchon Blanc Andu-xara,photos/Cauchon Blanc.jpeg
ADX,Ensemble Capuchon Gris,950 MRU,Ensemble capuchon gris premium,photos/Ensemble Capuchon gris.jpeg
ADX,Ensemble Capuchon Noir FR,950 MRU,Ensemble capuchon noir français,photos/Ensemble Capuchon noir fr.jpeg
ADX,Pull Blanc Jogging Noir,749 MRU,Ensemble pull blanc + jogging noir,photos/Ensemble pull blanc jogging noir et Capuchon.jpeg
ADX,Pull Bleu,549 MRU,Pull bleu Andu-xara,photos/Pull Bleu .jpeg
ADX,Pull et T-shirt Combinés,799 MRU,Ensemble pull + t-shirt combinés,photos/Pull et T-shirt combinés.jpeg
ADX,T-shirt Blanc Jogging,699 MRU,T-shirt blanc + jogging noir,photos/Tshirt Blanc et Jogging noir.jpeg
ADX,T-shirt Noir Arabe,499 MRU,T-shirt noir style arabe,photos/t-shirt noir arabe.jpeg
ADX,T-shirt Noir Logo Arabe,499 MRU,T-shirt noir logo arabe,photos/T-shirt noir logo arabe .jpeg
ADX,T-shirt Noir Logo,499 MRU,T-shirt noir avec logo,photos/T-shirt noir logo arabe.jpeg
ADX,T-shirt Noir Motif,559 MRU,T-shirt noir avec motif,photos/t-shirt noir logo avec motif.jpeg
ADX,T-shirt Enfant,359 MRU ,T-shirt Andu-xara enfant,photos/T-shrt Enfant.jpeg
